"date","death","deathIncrease","inIcuCumulative","inIcuCurrently","hospitalizedIncrease","hospitalizedCurrently","hospitalizedCumulative","negative","negativeIncrease","onVentilatorCumulative","onVentilatorCurrently","positive","positiveIncrease","recovered","states","totalTestResults","totalTestResultsIncrease"
"2020-11-10",231659,1347,26335,11952,3946,61964,500692,130048210,938416,2922,3205,10122811,130989,3961873,56,159483885,1237365
"2020-11-09",230312,580,26087,11533,2301,59275,496746,129109794,1224702,2907,3110,9991822,118708,3928845,56,158246520,1518878
"2020-11-08",229732,487,25819,11120,1602,56799,494445,127885092,924896,2900,2977,9873114,110838,3881558,56,156727642,1259450
"2020-11-07",229245,1104,25721,11082,2374,55840,492843,126960196,979681,2898,2947,9762276,129191,3851509,56,155468192,1405858
"2020-11-06",228141,1186,25498,11085,3054,54824,490469,125980515,1142643,2885,2850,9633085,125252,3810791,56,154062334,1562024
"2020-11-05",226955,1124,25276,10918,3735,53322,487415,124837872,1180777,2872,2877,9507833,116153,3781751,56,152500310,1563726
"2020-11-04",225831,1116,25041,10761,2802,52049,483680,123657095,862718,2853,2832,9391680,103067,3743527,56,150936584,1207099
"2020-11-03",224715,1529,24796,10406,3148,50340,480878,122794377,839957,2833,2733,9288613,86081,3705130,56,149729485,1125798
"2020-11-02",223186,476,24560,9858,1502,48470,477730,121954420,1072374,2809,2637,9202532,82248,3674981,56,148603687,1327965
"2020-11-01",222710,391,24457,9553,1154,47520,476228,120882046,816245,2797,2553,9120284,74051,3633903,56,147275722,1139567
"2020-10-31",222319,963,24375,9499,2074,47375,475074,120065801,1038275,2786,2502,9046233,90492,3612517,56,146136155,1373818
"2020-10-30",221356,933,24230,9437,2421,46688,473000,119027526,979381,2776,2477,8955741,96709,3578452,56,144762337,1362005
"2020-10-29",220423,1049,24082,9208,2292,46095,470579,118048145,1006720,2760,2403,8859032,87993,3554336,56,143400332,1324645
"2020-10-28",219374,1025,23883,9034,2510,45045,468287,117041425,796280,2744,2347,8771039,78637,3518140,56,142075687,1085623
"2020-10-27",218349,931,23701,8909,2248,44212,465777,116245145,818073,2719,2287,8692402,72997,3487666,56,140990064,1080661
"2020-10-26",217418,389,23542,8842,1838,42917,463529,115427072,980926,2703,2301,8619405,62103,3460455,56,139909403,1201328
"2020-10-25",217029,377,23420,8489,1153,41776,461691,114446146,901133,2693,2176,8557302,65092,3422934,56,138708075,1191449
"2020-10-24",216652,890,23356,8561,1756,41905,460538,113545013,960564,2691,2230,8492210,82745,3406701,56,137516626,1321334
"2020-10-23",215762,917,23221,8237,15005,41482,458782,112584449,1042748,2679,2180,8409465,82262,3375480,56,136195292,1378574
"2020-10-22",214845,1143,23018,8086,2571,41010,443777,111541701,912912,2641,2147,8327203,72887,3353056,56,134816718,1218558
"2020-10-21",213702,1024,22855,8182,2239,40271,441206,110628789,690695,2622,2090,8254316,60657,3323354,56,133598160,939535
"2020-10-20",212678,832,22662,8131,2150,39230,438967,109938094,756552,2593,2045,8193659,60312,3295426,56,132658625,948693
"2020-10-19",211846,456,22475,7997,1684,37826,436817,109181542,1025252,2577,1800,8133347,56902,3272603,56,131709932,1130890
"2020-10-18",211390,393,22391,7292,853,36437,435133,108156290,769968,2557,1762,8076445,48632,3234183,56,130579042,1055833
"2020-10-17",210997,780,22320,7384,1535,37359,434280,107386322,961440,2553,1791,8027813,57748,3220607,56,129523209,1295276
"2020-10-16",210217,877,22202,7251,1858,37336,432745,106424882,972088,2547,1739,7970065,67940,3197539,56,128227933,1230075
"2020-10-15",209340,951,22051,7220,2007,37308,430887,105452794,847671,2531,1769,7902125,62851,3177397,56,126997858,1102270
"2020-10-14",208389,811,21889,7156,2537,37048,428880,104605123,623763,2516,1776,7839274,56236,3155826,56,125895588,1041389
"2020-10-13",207578,690,21735,7020,2048,36051,426343,103981360,853551,2485,1755,7783038,48148,3124593,56,124854199,1040824
"2020-10-12",206888,287,21625,6807,1189,35072,424295,103127809,889305,2464,1666,7734890,42775,3106769,56,123813375,1063984
"2020-10-11",206601,466,21553,6679,1015,34490,423106,102238504,804228,2454,1646,7692115,46701,3075110,56,122749391,1083240
"2020-10-10",206135,665,21512,6683,1504,34618,422091,101434276,958077,2451,1667,7645414,57252,3063007,56,121666151,1247234
"2020-10-09",205470,893,21389,6713,1802,34839,420587,100476199,950081,2437,1655,7588162,56723,3039089,56,120418917,1200831
"2020-10-08",204577,986,21217,6621,2074,34322,418785,99526118,879737,2427,1638,7531439,55118,3021252,56,119218086,1149465
"2020-10-07",203591,916,21112,6507,2250,33457,416711,98646381,732067,2410,1646,7476321,50556,2999895,56,118068621,973491
"2020-10-06",202675,634,20973,6438,-624,32595,414461,97914314,715702,2388,1609,7425765,38417,2952390,56,117095130,907026
"2020-10-05",202041,326,20812,6209,1519,31299,415085,97198612,845552,2370,1515,7387348,37857,2935196,56,116188104,990534
"2020-10-04",201715,363,20729,5974,649,29942,413566,96353060,823580,2362,1485,7349491,38287,2911789,56,115197570,1028949
"2020-10-03",201352,741,20686,5996,1166,30113,412917,95529480,847053,2358,1501,7311204,51009,2897350,56,114168621,1099978
"2020-10-02",200611,835,20612,6106,1342,30744,411751,94682427,975809,2348,1533,7260195,49133,2873369,56,113068643,1241655
"2020-10-01",199776,851,20492,6173,1760,30790,410409,93706618,760766,2334,1547,7211062,45481,2860650,56,111826988,998172
"2020-09-30",198925,1061,20390,6145,1590,30911,408649,92945852,673939,2319,1507,7165581,44267,2840747,56,110828816,904382
"2020-09-29",197864,739,20247,6106,1733,30473,407059,92271913,709339,2298,1495,7121314,36289,2813305,56,109924434,914062
"2020-09-28",197125,257,20121,5981,1241,29608,405326,91562574,917497,2285,1518,7085025,36056,2794608,56,109010372,1164211
"2020-09-27",196868,307,20050,6080,760,29434,404085,90645077,670175,2277,1511,7048969,35061,2766304,56,107846161,905578
"2020-09-26",196561,869,20002,6057,1154,29554,403325,89974902,888049,2272,1509,7013908,47580,2750459,56,106940583,1123184
"2020-09-25",195692,844,19919,6133,1331,29769,402171,89086853,874968,2264,1506,6966328,55137,2727335,56,105817399,1112451
"2020-09-24",194848,921,19555,6168,1588,30043,400840,88211885,801458,2177,1560,6911191,43243,2710183,56,104704948,1037542
"2020-09-23",193927,1159,19452,6113,1451,29905,399252,87410427,801530,2154,1544,6867948,38547,2672338,56,103667406,1010356
"2020-09-22",192768,854,19324,6111,1446,29459,397801,86608897,672002,2130,1562,6829401,49351,2646959,56,102657050,850806
"2020-09-21",191914,287,19353,6071,1140,28755,396355,85936895,639371,2116,1572,6780050,39062,2615974,56,101806244,775038
"2020-09-20",191627,327,19281,6015,516,28608,395215,85297524,790354,2112,1595,6740988,35688,2589239,56,101031206,978387
"2020-09-19",191300,740,19243,6070,1067,29035,394699,84507170,945834,2111,1577,6705300,44886,2577467,56,100052819,1176253
"2020-09-18",190560,901,19163,6175,1459,29501,393632,83561336,853880,2107,1608,6660414,47121,2557862,56,98876566,1093150
"2020-09-17",189659,863,19057,6278,1549,29900,392173,82707456,733956,2092,1658,6613293,43375,2540334,56,97783416,964093
"2020-09-16",188796,1200,18961,6308,1517,30278,390624,81973500,627641,2090,1651,6569918,39888,2525573,56,96819323,826550
"2020-09-15",187596,1031,18847,6310,1491,30328,389107,81345859,651067,2071,1572,6530030,34879,2495127,56,95992773,812608
"2020-09-14",186565,404,18748,6238,937,29895,387616,80694792,369888,2061,1507,6495151,33684,2477942,56,95180165,501048
"2020-09-13",186161,390,18692,6233,592,29810,386679,80324904,611535,2056,1562,6461467,34308,2450184,56,94679117,772450
"2020-09-12",185771,810,18648,6451,1076,30655,386087,79713369,807370,2051,1619,6427159,41798,2438903,56,93906667,994011
"2020-09-11",184961,1018,18549,6379,1553,31421,385011,78905999,721765,2031,1715,6385361,44688,2417878,56,92912656,919768
"2020-09-10",183943,1170,18453,6531,1532,32421,383458,78184234,575352,2008,1925,6340673,37222,2403511,56,91992888,778402
"2020-09-09",182773,1084,18322,6646,2060,32562,381926,77608882,553185,1994,1903,6303451,31062,2387479,56,91214486,703592
"2020-09-08",181689,358,18189,6542,959,32262,379866,77055697,485437,1975,1879,6272389,22164,2359111,56,90510894,582890
"2020-09-07",181331,225,18156,6630,492,31999,378907,76570260,559490,1967,1879,6250225,28237,2333583,56,89928004,662511
"2020-09-06",181106,449,18125,6700,489,32372,378415,76010770,702424,1960,1912,6221988,33051,2316020,56,89265493,831417
"2020-09-05",180657,918,18089,6766,1287,33502,377926,75308346,761572,1956,1956,6188937,44733,2302203,56,88434076,966471
"2020-09-04",179739,998,18012,6924,1239,34099,376639,74546774,849177,1943,1995,6144204,51529,2283454,56,87467605,1041128
"2020-09-03",178741,1070,17894,6921,1536,34682,375400,73697597,678554,1928,2042,6092675,44562,2266957,56,86426477,877890
"2020-09-02",177671,1032,17784,7087,1647,35569,373864,73019043,614972,1918,2024,6048113,30287,2231757,56,85548587,752209
"2020-09-01",176639,1027,17655,7090,1837,35271,372217,72404071,655190,1902,2042,6017826,42237,2202682,56,84796378,816796
"2020-08-31",175612,366,17537,7043,816,35352,370380,71748881,647352,1877,2077,5975589,31293,2184825,56,83979582,735902
"2020-08-30",175246,475,17439,7268,680,35726,369564,71101529,699238,1870,2055,5944296,39410,2153963,56,83243680,828811
"2020-08-29",174771,1015,17401,7413,1296,36428,368884,70402291,721757,1864,2062,5904886,44134,2140631,56,82414869,895174
"2020-08-28",173756,1024,17304,7558,1595,37239,367588,69680534,724426,1856,2086,5860752,46117,2118367,56,81519695,903279
"2020-08-27",172732,1129,17181,7717,1668,37464,365993,68956108,697099,1831,2125,5814635,43764,2101326,56,80616416,857808
"2020-08-26",171603,1298,17046,7737,1873,38401,364325,68259009,629237,1809,2142,5770871,43764,2084465,56,79758608,736863
"2020-08-25",170305,1147,16920,7863,1999,38779,362452,67629772,597373,1789,2163,5727107,36339,2053699,56,79021745,713336
"2020-08-24",169158,343,16787,7851,1049,38673,360453,67032399,649316,1764,2118,5690768,34332,2020774,56,78308409,731190
"2020-08-23",168815,572,16697,7949,774,39017,359404,66383083,578957,1737,2131,5656436,37472,1997782,56,77577219,704794
"2020-08-22",168243,1029,16657,8207,1537,39894,358630,65804126,712606,1736,2204,5618964,45722,1985493,56,76872425,888850
"2020-08-21",167214,1123,16563,8357,1817,40951,357093,65091520,697553,1730,2286,5573242,46228,1965056,56,75983575,864343
"2020-08-20",166091,1134,16487,8483,2010,41988,355276,64393967,633423,1716,2335,5527014,43634,1946866,56,75119232,807319
"2020-08-19",164957,1420,16377,8744,2032,43330,353266,63760544,645625,1705,2371,5483380,44780,1924875,56,74311913,784723
"2020-08-18",163537,1196,16123,8866,2273,43758,351234,63114919,616119,1695,2468,5438600,40439,1889170,56,73527190,726456
"2020-08-17",162341,407,15985,8871,1267,43485,348961,62498800,625924,1678,2447,5398161,37569,1865580,56,72800734,733977
"2020-08-16",161934,619,15924,8958,649,44046,347694,61872876,740752,1665,2481,5360592,42326,1833096,56,72066757,851987
"2020-08-15",161315,1221,15891,9087,2031,44795,347045,61132124,692668,1663,2526,5318266,55860,1818546,56,71214770,867954
"2020-08-14",160094,1216,15764,9277,2212,45776,345014,60439456,797955,1665,2549,5262406,57254,1796326,56,70346816,968374
"2020-08-13",158878,1163,15629,9487,2685,47218,342802,59641501,844476,1649,2579,5205152,51488,1774648,56,69378442,1000971
"2020-08-12",157715,1519,15524,9555,3055,47991,340117,58797025,440316,1629,2604,5153664,56013,1755225,56,68377471,555720
"2020-08-11",156196,1326,15331,9136,2715,48498,337062,58356709,697809,1612,2415,5097651,55336,1714960,56,67821751,800221
"2020-08-10",154870,426,15158,9216,1654,48635,334347,57658900,692654,1592,2533,5042315,41769,1670755,56,67021530,801623
"2020-08-09",154444,616,15081,9307,855,48899,332693,56966246,667147,1578,2507,5000546,50201,1656888,56,66219907,783319
"2020-08-08",153828,1089,15024,9662,1414,49911,331838,56299099,619364,1561,2566,4950345,53158,1643137,56,65436588,748689
"2020-08-07",152739,1333,14925,9691,8036,51207,330424,55679735,717335,1549,2617,4897187,60854,1623870,56,64687899,894323
"2020-08-06",151406,1251,14810,9994,2682,53132,322388,54962400,691285,1534,2718,4836333,53967,1598624,56,63793576,853105
"2020-08-05",150155,1346,14687,9986,2269,53353,319706,54271115,643142,1524,2719,4782366,52283,1577851,56,62940471,771016
"2020-08-04",148809,1255,14537,10207,4490,53326,317437,53627973,659276,1493,2701,4730083,51544,1528979,56,62169455,765209
"2020-08-03",147554,519,14370,10230,1724,53377,312947,52968697,692604,1463,2659,4678539,49673,1513446,56,61404246,807363
"2020-08-02",147035,498,14288,10415,817,54017,311223,52276093,644057,1448,2645,4628866,46517,1468689,56,60596883,751192
"2020-08-01",146537,1190,14227,10450,2318,54470,310406,51632036,674801,1445,2698,4582349,60416,1461885,56,59845691,823111
"2020-07-31",145347,1312,14044,10472,2627,55593,308088,50957235,657772,1437,2703,4521933,67384,1438160,56,59022580,993926
"2020-07-30",144035,1259,13875,10523,3383,56427,305461,50299463,736800,1415,2760,4454549,69006,1413957,56,58028654,891985
"2020-07-29",142776,1492,13744,10539,2934,57339,302078,49562663,768723,1400,2772,4385543,64176,1390568,56,57136669,911004
"2020-07-28",141284,1122,13559,10463,4672,57091,299144,48793940,704019,1372,2752,4321367,58671,1355363,56,56225665,839211
"2020-07-27",140162,1060,13412,10328,1690,58897,294472,48089921,706788,1356,2720,4262696,55136,1325804,56,55386454,830393
"2020-07-26",139102,559,13343,10353,1435,58621,292782,47383133,778703,1336,2723,4207560,60493,1297863,56,54556061,894779
"2020-07-25",138543,1023,13279,10380,1977,59301,291347,46604430,716097,1300,2729,4147067,64262,1279414,56,53661282,873053
"2020-07-24",137520,1176,13182,10395,3032,59682,289370,45888333,848936,1297,2711,4082805,74837,1261624,56,52788229,996334
"2020-07-23",136344,1056,12933,10414,2509,59718,286338,45039397,771760,1280,2465,4007968,71225,1233269,56,51791895,912786
"2020-07-22",135288,1171,12790,10457,2248,59596,283829,44267637,727242,1258,2440,3936743,69189,1210849,56,50879109,877361
"2020-07-21",134117,1039,12629,6711,2551,59364,281581,43540395,685894,1242,2414,3867554,63518,1182931,56,50001748,814555
"2020-07-20",133078,363,12475,6557,1647,58370,279030,42854501,652408,1223,2403,3804036,56921,1160087,56,49187193,758421
"2020-07-19",132715,527,12393,6384,944,57885,277383,42202093,714456,1216,2362,3747115,63887,1131171,56,48428772,837188
"2020-07-18",132188,872,12342,6397,2003,57645,276439,41487637,690202,1211,2343,3683228,64652,1122720,56,47591584,843252
"2020-07-17",131316,951,12243,6452,2678,57759,274436,40797435,756465,1200,2353,3618576,76157,1106844,56,46748332,909078
"2020-07-16",130365,947,12091,6359,2215,57440,271758,40040970,756473,1175,2317,3542419,70711,1090645,56,45839254,897472
"2020-07-15",129418,858,12002,6317,2416,56144,269543,39284497,702013,1166,2317,3471708,65491,1075882,56,44941782,843747
"2020-07-14",128560,736,11857,6235,2262,55565,267127,38582484,704483,1154,2263,3406217,62656,1049098,56,44098035,812642
"2020-07-13",127824,327,11749,6074,1214,53988,264865,37878001,636201,1142,2259,3343561,57588,1031939,56,43285393,760059
"2020-07-12",127497,476,11679,5930,939,52727,263651,37241800,700726,1136,2182,3285973,61021,1006326,56,42525334,822766
"2020-07-11",127021,757,11612,5939,5141,51858,262712,36541074,635219,1128,2169,3224952,62664,995576,56,41702568,760659
"2020-07-10",126264,854,11523,5896,2318,51599,257571,35905855,742458,1118,2197,3162288,66504,983185,56,40941909,884447
"2020-07-09",125410,867,11370,5845,1719,43933,255253,35163397,649812,1138,2127,3095784,59059,969111,56,40057462,764559
"2020-07-08",124543,807,11303,5874,2035,43076,253534,34513585,578376,1103,2172,3036725,62623,953420,56,39292903,706142
"2020-07-07",123736,923,11177,5832,1960,41760,251499,33935209,583155,1084,2098,2974102,51586,936476,56,38586761,683479
"2020-07-06",122813,243,11058,5687,794,39769,249539,33352054,470609,1070,2105,2922516,41416,924148,56,37903282,639462
"2020-07-05",122570,209,11010,5653,590,38764,248745,32881445,632247,1064,2080,2881100,45309,902558,56,37263820,692534
"2020-07-04",122361,306,10977,5633,871,38146,248155,32249198,573473,1063,1982,2835791,54132,894325,56,36571286,657670
"2020-07-03",122055,598,10936,5597,1435,37798,247284,31675725,650183,1059,2049,2781659,53733,883561,56,35913616,730700
"2020-07-02",121457,695,10843,5626,2003,37500,245849,31025542,611591,1041,2105,2727926,53385,875127,56,35182916,703290
"2020-07-01",120762,701,10752,5512,1438,36405,243846,30413951,592060,1027,2098,2674541,50927,823151,56,34479626,666832
"2020-06-30",120061,596,10669,5424,1582,35248,242408,29821891,579037,1008,2044,2623614,47638,813788,56,33812794,663219
"2020-06-29",119465,332,10542,5380,670,33585,240826,29242854,616272,990,2011,2575976,39863,798360,56,33149575,679037
"2020-06-28",119133,271,10473,5252,580,32488,240156,28626582,536085,983,2077,2536113,41293,778321,56,32470538,601876
"2020-06-27",118862,511,10415,5314,1057,32482,239576,28090497,556902,977,2159,2494820,42988,772465,56,31868662,633673
"2020-06-26",118351,637,10334,5283,1526,31738,238519,27533595,565144,966,2075,2451832,44374,763966,56,31234989,743116
"2020-06-25",117714,647,10257,5320,1257,31842,236993,26968451,601123,951,2214,2407458,39569,756719,56,30491873,646106
"2020-06-24",117067,724,10173,5293,1310,31102,235736,26367328,487716,934,2248,2367889,38927,747565,56,29845767,503492
"2020-06-23",116343,710,10077,5402,1257,30235,234426,25879612,470835,918,2293,2328962,33848,738952,56,29342275,647820
"2020-06-22",115633,286,10002,5323,800,28799,233169,25408777,445011,909,2299,2295114,27074,731602,56,28694455,491382
"2020-06-21",115347,294,9944,5195,514,28220,232369,24963766,497325,904,2321,2268040,28991,713537,56,28203073,536755
"2020-06-20",115053,629,9908,5229,745,27967,231855,24466441,533312,888,2380,2239049,32011,708864,56,27666318,569370
"2020-06-19",114424,655,9876,5341,1613,28616,231110,23933129,548727,884,2434,2207038,30881,698119,56,27096948,607232
"2020-06-18",113769,705,9736,5464,1040,28415,229497,23384402,491723,869,2520,2176157,27135,690692,56,26489716,540396
"2020-06-17",113064,767,9665,5612,1130,28576,228457,22892679,464047,857,2588,2149022,23773,680916,56,25949320,519201
"2020-06-16",112297,730,9590,5570,1301,28270,227327,22428632,444005,845,2594,2125249,23327,672228,56,25430119,486349
"2020-06-15",111567,381,9516,5703,543,27867,226026,21984627,413725,835,2640,2101922,18578,665059,56,24943770,446695
"2020-06-14",111186,356,9466,5749,640,27895,225483,21570902,463437,834,2716,2083344,21406,650541,56,24497075,482244
"2020-06-13",110830,694,9430,5883,1105,28450,224843,21107465,472309,830,2726,2061938,25134,645331,56,24014831,519095
"2020-06-12",110136,775,9373,6017,1245,29154,223738,20635156,599632,814,2734,2036804,23185,636111,56,23495736,600818
"2020-06-11",109361,899,9295,6074,1367,29698,222493,20035524,437501,792,2886,2013619,22102,629017,56,22894918,477306
"2020-06-10",108462,887,9225,6249,1484,30864,221126,19598023,411155,780,3020,1991517,20637,618125,56,22417612,446529
"2020-06-09",107575,902,9141,6457,1527,31009,219642,19186868,404561,771,3090,1970880,17248,609476,56,21971083,446716
"2020-06-08",106673,661,9013,6402,714,30996,218115,18782307,378147,762,3240,1953632,17220,603143,56,21524367,411667
"2020-06-07",106012,447,8957,6501,685,31225,217401,18404160,405352,753,3298,1936412,18886,590988,56,21112700,424304
"2020-06-06",105565,728,8920,6762,1017,31761,216716,17998808,523695,750,3476,1917526,22773,585470,56,20688396,562331
"2020-06-05",104837,826,8863,6920,1440,32280,215699,17475113,483718,740,3523,1894753,23004,576327,56,20126065,588709
"2020-06-04",104011,893,8787,7057,-2841,32639,214259,16991395,442238,723,3665,1871749,20256,569623,56,19537356,491952
"2020-06-03",103118,993,8688,7227,2255,33070,217100,16549157,449529,717,3749,1851493,20202,557366,56,19045404,467800
"2020-06-02",102125,962,8566,7407,1585,33724,214845,16099628,400729,710,3852,1831291,20033,541976,56,18577604,438146
"2020-06-01",101163,668,8485,7591,2796,34075,213260,15698899,392447,704,3950,1811258,20421,536339,56,18139458,422770
"2020-05-31",100495,652,8445,7626,976,34648,210464,15306452,375291,704,3669,1790837,21635,522866,56,17716688,401105
"2020-05-30",99843,932,8305,7956,1424,35524,209488,14931161,402785,698,4004,1769202,23443,494569,56,17315583,440738
"2020-05-29",98911,1184,8235,8174,1715,36764,208064,14528376,465889,689,4032,1745759,23433,484554,56,16874845,507019
"2020-05-28",97727,1231,8109,8389,1630,37818,206349,14062487,413906,676,4080,1722326,22516,478099,56,16367826,454345
"2020-05-27",96496,1321,8015,8547,1713,38038,204719,13648581,291136,666,4222,1699810,19489,391508,56,15913481,335699
"2020-05-26",95175,645,7899,8585,17320,37561,203006,13357445,290726,650,4215,1680321,16756,384902,56,15577782,312676
"2020-05-25",94530,559,7847,8467,1002,37432,185686,13066719,404856,642,4237,1663565,18711,379157,56,15265106,433681
"2020-05-24",93971,680,7801,8485,921,37483,184684,12661863,361635,639,4383,1644854,19148,366736,56,14831425,377410
"2020-05-23",93291,1063,7770,8733,1378,38391,183763,12300228,368724,638,4620,1625706,22167,361239,56,14454015,426002
"2020-05-22",92228,1341,7689,9049,4046,39822,182385,11931504,385059,633,4716,1603539,24273,350135,56,14028013,419566
"2020-05-21",90887,1394,7412,9090,4630,41065,178339,11546445,436290,616,4868,1579266,26634,298418,56,13608447,497671
"2020-05-20",89493,1399,7319,9521,1996,41546,173709,11110155,388508,613,4911,1552632,21194,294312,56,13110776,445605
"2020-05-19",88094,1326,7217,9598,1597,41661,171713,10721647,381994,606,5032,1531438,20924,289484,56,12665171,406847
"2020-05-18",86768,848,7064,9754,1157,41553,170116,10339653,334605,602,5257,1510514,20812,283178,56,12258324,367962
"2020-05-17",85920,849,7003,9934,1199,41606,168959,10005048,351018,593,5467,1489702,20344,272265,56,11890362,366763
"2020-05-16",85071,987,6945,10278,1856,43211,167760,9654030,337918,592,5529,1469358,23560,268376,56,11523599,364936
"2020-05-15",84084,1507,6890,10484,1353,44299,165904,9316112,335045,589,5746,1445798,25371,250747,56,11158663,407060
"2020-05-14",82577,1879,6795,10655,3206,45635,164551,8981067,338438,582,5940,1420427,26680,246414,56,10751603,384152
"2020-05-13",80698,1704,6713,10990,1809,46742,161345,8642629,299946,572,6156,1393747,21577,243430,56,10367451,338071
"2020-05-12",78994,1486,6585,11240,1579,47402,159536,8342683,286902,559,6352,1372170,22520,238857,56,10029380,328725
"2020-05-11",77508,892,6488,11148,1238,46372,157957,8055781,362985,551,6350,1349650,18330,232142,56,9700655,387774
"2020-05-10",76616,1036,6445,11393,1055,46981,156719,7692796,244756,547,6395,1331320,21122,215591,56,9312881,265022
"2020-05-09",75580,1445,6367,11496,1708,48564,155664,7448040,266795,543,6551,1310198,25169,211976,56,9047859,310872
"2020-05-08",74135,1798,6294,11780,6892,49785,153956,7181245,271342,531,6788,1285029,27086,198459,56,8736987,320214
"2020-05-07",72337,2752,5174,12136,3742,51398,147064,6909903,275918,529,7070,1257943,27280,194528,56,8416773,304193
"2020-05-06",69585,1948,4911,12478,2119,52560,143322,6633985,220701,449,4753,1230663,25090,189425,56,8112580,271161
"2020-05-05",67637,2452,4794,12628,1983,53221,141203,6413284,250951,439,4818,1205573,22399,189336,56,7841419,288310
"2020-05-04",65185,1035,4579,12696,1651,52409,139220,6162333,210326,430,4848,1183174,22576,186752,56,7553109,234865
"2020-05-03",64150,1232,4502,12720,1963,52623,137569,5952007,209919,425,4761,1160598,25682,179733,56,7318244,229033
"2020-05-02",62918,1562,4386,12905,2031,54048,135606,5742088,218258,375,4845,1134916,28949,174987,56,7089211,269728
"2020-05-01",61356,1779,4300,12845,9789,54903,133575,5523830,262353,376,4707,1105967,32933,163644,56,6819483,296788
"2020-04-30",59577,2139,4192,13255,2290,54919,123786,5261477,204892,373,4712,1073034,29937,154648,56,6522695,259232
"2020-04-29",57438,2713,4093,13535,3124,55979,121496,5056585,213506,365,4796,1043097,26137,147165,56,6263463,245684
"2020-04-28",54725,2072,3798,13562,2079,56062,118372,4843079,183119,252,4760,1016960,25312,139041,56,6017779,218018
"2020-04-27",52653,1270,3720,13812,3367,56189,116293,4659960,171070,252,4867,991648,22603,121323,56,5799761,192724
"2020-04-26",51383,1215,2571,14104,2192,56192,112926,4488890,177842,227,5121,969045,27365,116529,56,5607037,206093
"2020-04-25",50168,1748,2516,14415,2456,57381,110734,4311048,239561,227,5266,941680,35934,112539,56,5400944,277174
"2020-04-24",48420,1895,2468,14605,2338,57295,108278,4071487,202555,227,5187,905746,33698,101296,56,5123770,238475
"2020-04-23",46525,1791,2428,14744,2802,58989,105940,3868932,162796,227,5464,872048,31986,96921,56,4885295,203321
"2020-04-22",44734,2098,2370,15013,3087,59202,103138,3706136,295959,227,5474,840062,29004,92978,56,4681974,343696
"2020-04-21",42636,2467,2315,14941,2682,59780,100051,3410177,128409,214,5514,811058,26278,72842,56,4338278,164356
"2020-04-20",40169,1798,2193,14463,2211,56734,97369,3281768,118662,214,5567,784780,25946,69493,56,4173922,147018
"2020-04-19",38371,1772,2145,14385,2239,56486,95158,3163106,127397,214,5603,758834,27401,67205,56,4026904,154225
"2020-04-18",36599,1893,2096,14769,3433,57761,92919,3035709,118462,205,5729,731433,27840,62840,56,3872679,152076
"2020-04-17",34706,2119,2052,14890,3405,58895,89486,2917247,125302,187,6096,703593,32001,53533,56,3720603,165382
"2020-04-16",32587,2200,1834,15130,3201,59499,86081,2791945,134081,176,5940,671592,31489,48851,56,3555221,174539
"2020-04-15",30387,2544,1783,14646,3662,59940,82880,2657864,108907,223,6032,640103,29755,43435,56,3380682,145697
"2020-04-14",27843,2336,1715,14039,3282,59610,79218,2548957,127379,221,5975,610348,25875,39268,56,3234985,162174
"2020-04-13",25507,1643,1622,13620,4285,56184,75936,2421578,108601,208,6168,584473,24758,35372,56,3072811,134244
"2020-04-12",23864,1703,1449,13620,3288,55427,71651,2312977,110977,158,5986,559715,27987,34081,56,2938567,136981
"2020-04-11",22161,2054,1399,13285,3597,55573,68363,2202000,106848,152,5978,531728,30626,31567,56,2801586,139378
"2020-04-10",20107,2108,1179,12693,4934,53166,64766,2095152,123886,39,5937,501102,34246,28997,56,2662208,162639
"2020-04-09",17999,2043,918,12450,3923,51305,59832,1971266,136722,39,5794,466856,34640,24819,56,2499569,169945
"2020-04-08",15956,2010,862,10337,4311,45492,55909,1834544,118069,39,4131,432216,30975,21102,56,2329624,159559
"2020-04-07",13946,2024,738,9978,2981,43799,51598,1716475,124616,43,4076,401241,30621,18443,56,2170065,152049
"2020-04-06",11922,1318,663,7079,2946,36156,48617,1591859,122125,39,2961,370620,28592,16554,56,2018016,152106
"2020-04-05",10604,1340,609,5811,3903,32169,45671,1469734,93492,39,652,342028,25608,14513,56,1865910,120853
"2020-04-04",9264,1482,403,5500,5086,30266,41768,1376242,194732,39,656,316420,32967,12816,56,1745057,227829
"2020-04-03",7782,1286,335,4928,4554,25729,36682,1181510,100687,39,605,283453,31769,10861,56,1517228,134926
"2020-04-02",6496,1172,305,4513,4175,22956,32128,1080823,93260,32,574,251684,28037,8586,56,1382302,122887
"2020-04-01",5324,1011,256,3937,4228,20775,27953,987563,83155,32,561,223647,26078,7084,56,1259415,115788
"2020-03-31",4313,890,230,3487,3906,18082,23725,904408,87422,,507,197569,24840,5666,56,1143627,115228
"2020-03-30",3423,589,187,3087,2536,15772,19819,816986,96077,,451,172729,21691,4560,56,1028399,113652
"2020-03-29",2834,515,156,2456,2775,14026,17283,720909,66613,,439,151038,19570,4052,56,914747,86396
"2020-03-28",2319,544,140,2174,2425,12382,14508,654296,89725,,390,131468,19586,3143,56,828351,90655
"2020-03-27",1775,406,124,1792,2563,10932,12083,564571,84907,,324,111882,19253,2418,56,737696,109364
"2020-03-26",1369,319,91,1299,2499,7757,9520,479664,85155,,258,92629,17544,97,56,628332,109883
"2020-03-25",1050,235,74,,1904,5062,7021,394509,71973,,167,75085,12921,146,56,518449,87365
"2020-03-24",815,234,,,1180,3902,5117,322536,58694,,,62164,10704,,56,431084,70694
"2020-03-23",581,101,,,914,2770,3937,263842,46688,,,51460,11396,,56,360390,58618
"2020-03-22",480,146,,,1003,2155,3023,217154,35954,,,40064,9156,,56,301772,49660
"2020-03-21",334,62,,,1912,1436,2020,181200,38829,,,30908,6797,,56,252112,48322
"2020-03-20",272,69,,,23,1042,108,142371,30782,,,24111,6093,,56,203790,43746
"2020-03-19",203,48,,,18,617,85,111589,22570,,,18018,4674,,56,160044,32251
"2020-03-18",155,32,,,12,416,67,89019,22594,,,13344,3023,,56,127793,31480
"2020-03-17",123,23,,,13,325,55,66425,14387,,,10321,2570,,56,96313,21021
"2020-03-16",100,21,,,6,,42,52038,16851,,,7751,1754,,56,75292,21461
"2020-03-15",79,15,,,10,,36,35187,6829,,,5997,1292,,51,53831,9732
"2020-03-14",64,9,,,4,,26,28358,4018,,,4705,917,,51,44099,6871
"2020-03-13",55,4,,,6,,22,24340,8407,,,3788,1059,,51,37228,10862
"2020-03-12",51,8,,,5,,16,15933,4675,,,2729,673,,51,26366,5865
"2020-03-11",43,6,,,3,,11,11258,3447,,,2056,502,,51,20501,4092
"2020-03-10",37,2,,,0,,8,7811,2195,,,1554,391,,51,16409,2745
"2020-03-09",35,4,,,2,,8,5616,1541,,,1163,292,,51,13664,1905
"2020-03-08",31,4,,,0,,6,4075,727,,,871,199,,51,11759,1002
"2020-03-07",27,1,,,0,,6,3348,676,,,672,173,,51,10757,968
"2020-03-06",26,6,,,1,,6,2672,723,,,499,113,,38,9789,880
"2020-03-05",20,4,,,1,,5,1949,532,,,386,104,,28,8909,661
"2020-03-04",16,2,,,4,,4,1417,971,,,282,138,,22,8248,1085
"2020-03-03",14,3,,,0,,,446,203,,,144,50,,11,7163,291
"2020-03-02",11,3,,,0,,,243,158,,,94,44,,9,6872,212
"2020-03-01",8,3,,,0,,,85,61,,,50,32,,9,6660,108
"2020-02-29",5,1,,,0,,,24,24,,,18,18,,7,6552,62
"2020-02-28",4,2,,,0,,,0,0,,,0,0,,7,6490,3
"2020-02-27",2,0,,,0,,,0,0,,,0,0,,7,6487,6446
"2020-02-26",2,2,,,0,,,0,0,,,0,0,,5,41,0
"2020-02-25",0,0,,,0,,,0,0,,,0,0,,5,41,1
"2020-02-24",0,0,,,0,,,0,0,,,0,0,,5,40,2
"2020-02-23",0,0,,,0,,,0,0,,,0,0,,5,38,0
"2020-02-22",0,0,,,0,,,0,0,,,0,0,,5,38,1
"2020-02-21",0,0,,,0,,,0,0,,,0,0,,5,37,1
"2020-02-20",0,0,,,0,,,0,0,,,0,0,,5,36,1
"2020-02-19",0,0,,,0,,,0,0,,,0,0,,5,35,6
"2020-02-18",0,0,,,0,,,0,0,,,0,0,,5,29,0
"2020-02-17",0,0,,,0,,,0,0,,,0,0,,5,29,1
"2020-02-16",0,0,,,0,,,0,0,,,0,0,,5,28,2
"2020-02-15",0,0,,,0,,,0,0,,,0,0,,5,26,4
"2020-02-14",0,0,,,0,,,0,0,,,0,0,,4,22,0
"2020-02-13",0,0,,,0,,,0,0,,,0,0,,4,22,1
"2020-02-12",0,0,,,0,,,0,0,,,0,0,,4,21,1
"2020-02-11",0,0,,,0,,,0,0,,,0,0,,4,20,1
"2020-02-10",0,0,,,0,,,0,0,,,0,0,,4,19,1
"2020-02-09",,0,,,0,,,0,0,,,0,0,,3,18,0
"2020-02-08",,0,,,0,,,0,0,,,0,0,,3,18,2
"2020-02-07",,0,,,0,,,0,0,,,0,0,,3,16,0
"2020-02-06",,0,,,0,,,0,0,,,0,0,,3,16,1
"2020-02-05",,0,,,0,,,0,0,,,0,0,,3,15,0
"2020-02-04",,0,,,0,,,0,0,,,0,0,,3,15,4
"2020-02-03",,0,,,0,,,0,0,,,0,0,,3,11,3
"2020-02-02",,0,,,0,,,0,0,,,0,0,,3,8,0
"2020-02-01",,0,,,0,,,0,0,,,0,0,,3,8,0
"2020-01-31",,0,,,0,,,0,0,,,0,0,,3,8,3
"2020-01-30",,0,,,0,,,0,0,,,0,0,,3,5,0
"2020-01-29",,0,,,0,,,0,0,,,0,0,,3,5,2
"2020-01-28",,0,,,0,,,0,0,,,0,0,,2,3,0
"2020-01-27",,0,,,0,,,0,0,,,0,0,,2,3,1
"2020-01-26",,0,,,0,,,0,0,,,0,0,,2,2,0
"2020-01-25",,0,,,0,,,0,0,,,0,0,,2,2,0
"2020-01-24",,0,,,0,,,0,0,,,0,0,,2,2,0
"2020-01-23",,0,,,0,,,0,0,,,0,0,,2,2,1
"2020-01-22",,0,,,0,,,0,0,,,0,0,,2,1,0